price,title,url,seller,description
,,https://www.ebay.com/itm/01920391?epid=26039819083&_trkparms=ispr%3D1&hash=item3b542eae7a:g:FQkAAOSwK21gKvEZ&amdata=enc%3AAQAFAAACcBaobrjLl8XobRIiIML1V4Imu%252Fn%252BzU5L90Z278x5ickkrDx%252B2NLp21dg6hHbHAkGMYdiW1E6zjXxnQ0bf7c%252Fx%252Fvs5PW%252FYFw1ZdbGMi8wsGV6qXw8OFLl4Os1ACX3bnQxFkVpRib9hMb5gVyLha4q9L0xiporu5InbX0LrSgg7nCCCwtC7y3vOE3hc8PszsrXWLb5KFdj7%252BD98et12MdkEfMPFhJZuS%252BkFsp2esVTRCYctOhcwzPSdfzCOYprlr2miQc4czCv1Tcfs3LKUPJn8uQyRc%252BAnKY1oyTeYnJ7wYuGkBU%252FSVYjziLBaPhT%252FlVu0hR9ZX6OnAeRaJ1g0iCaDjrRXEXRwUO87riWeI8kExm1zzY7QicPeMnfWZdBvVhg05GOScPOlLTVPHakqGLX0y2GUXV6fkTLua3nSF5YBmLX%252FqdCxT6yS0dutVs5MPWvQYlN474hUzbubkZVAs7Y%252BBBEsHrGjVzCj0szZ6w1%252BHgkV5O9jrXGnyew5%252Bnxy7VCq5xEkUDIt1nSg996AeDksNmSNumhfsIOGltIXbqAbjqEUpPcVO%252BDPymxlh0iMxCZQalYnmljBRzKILYWkES0vfA14Gh5E7KWrztdC6WzEEFtgVuABakQ1eAOZnuEueqK6IakC%252BIfRbXv96Tv01IPDvwPeM8wMo6j8bMjY3D5KHS5EXPVdHKUnjCJiYCcVUqcKwhL6eN2MZ%252Bn9yxmWESUPN394NPrX%252FI2z7t0Bbo7iqmsWNQcyi0EHzDwJPMK%252FNSif8%252F2adRF7dT1JrbL9sryKSN2kv9OsdGQ0fMMC1LV3Ph43HivUJdqkgjGxqEqX5v1xQ%253D%253D%7Campid%3APL_CLK%7Cclp%3A2334524,,
285.0,Nouvelle annoncevelo Peugeot Lady 1977,https://www.ebay.fr/itm/194432214301?hash=item2d4510251d%3Ag%3ATQIAAOSwEGphZLIp&LH_BIN=1,moa3847-pm2ztgw5t8,
149.9,Vélo course ancien Peugeot P10L vintage bike,https://www.ebay.fr/itm/334176720841?_trkparms=ispr%3D1&hash=item4dce7c17c9%3Ag%3Ar2EAAOSwCU5hYxC9&amdata=enc%3AAQAGAAACkPYe5NmHp%252B2JMhMi7yxGiTJkPrKr5t53CooMSQt2orsSprd4IgPv6LBzlteBBg9PezBbZ6PWKxD38MCj39YBdRggfqrm9VrxqOwzXHhkM2MXyOQkyzD4ClDK3nfRwFqeu6aIvy2c2qJZ%252Fsx%252BS7O7cqmF9lplayRBYZoUyPuzUBgL%252F3FwPWjRiqfLQD0qP71nkNTvcGgtW%252BbbnqYiZfZ23UUKm7PaTR479Re917h%252FO%252BbeeZFpfUH3P%252F5nKsxfe%252FgbYPK%252FMKTx9CdtNbs%252BgMcy5X10zJUA5Doi9NRnYhqo7q4HhU60vE69cAFSF2LYojG%252BgBrLcgaJApbqktt6hrx%252F%252BZFdU8cVXq%252FBtpN5MClsj0tuL4rRB9%252BYUa73C4GTDEiWtZo1yWGYfNozcccWMBiQLginBJDIsB8TZF1yc%252BQsvnKC55i%252F3P7iv0zzuHamq8ID7KvXmiX8xYRiu5HYofjI6Y%252FGgDFGzFBeC%252BSKFouWPxnkqf2tCmsjqxKbt8GMSTLPIJCUnMwFZd4Q4XWBLol1MqKzmgOTMRdx8lKLvqXK2yKpyJBziimgYy3ABIE3K9uEkyh1WWnvbqDAZ5ZzJrjpVmWtyVPRZAT%252F39VrD5WrUoxhBtRcylhDApmd%252Fse4h2AUBzHFZ7MKFJfLaho92FO1JhmvYS9CDAVDwTwE7uLlqn%252Bx%252BSvIeP%252FmvxcfR9TyBpfzvUKRxP6pnf0Aiz4lC5PQa74bfPb6afT4vzBPg1Ef6%252Bpll3fe%252F8Ki6uBO8HhMicA3jZVbGFodWCr7IQNgo4jnbcTYAbp6D5P0EENuVQwC3u9YXw3f2H3N48nVG%252FtBMERH21fsd1YQnWP9rbcuNy87cbIU6n6nqd2jeXhnoVBvn9we%7Campid%3APL_CLK%7Cclp%3A2334524&LH_BIN=1,cycles.and.broc,"Informations sur le vendeur professionnel
CYCLES AND BROC


CYCLES AND BROC
Zac de la Querillere
8 rue du Forez Sud
42170 St Just St Rambert, Auvergne - Rhône-Alpes
France


Informations complètes







Numéro d'immatriculation de la société :
83816950600014",8381695060
380.0,"ancien vélo course vintage PEUGEOT VENTOUX ,clb,mavic, racing bike, bici época",https://www.ebay.fr/itm/174973523654?_trkparms=ispr%3D1&hash=item28bd3c16c6%3Ag%3Aig0AAOSwpZ9hZEYr&amdata=enc%3AAQAGAAACkPYe5NmHp%252B2JMhMi7yxGiTJkPrKr5t53CooMSQt2orsSDAeS9EQtjPGVfKXTxF0%252BjhkOnkBC02lxQor2180VlBuuc4qr6iZM1%252BHcfCIOvWbP4lCcwvLr4lj%252Bi3RqD6tz7UfCcvUHXZH755OVu6T424TfcRzGynS6NCy18r3RU2Y3qqalONpojLAi%252FEBUJ4OAVwg2xjB7yAQ5OqPrY6bcrHuqAf7AmbQEK1lTpPbISVAYqlBw%252BjkOxRwx4m56Rgwgdim4%252BO1Oo3WYe8%252BOQsJLv%252Fvm5kaZ3qLikk%252BHvPEQpNBTCfJpQ%252B2NDpNFMm38xAEGfc%252B2mwHXG3fRGWdvgiucyh5Helmn9o0atIUVn4BkrfbIdpn8XrMJD4T8wnXJxCFcspbk785Sw0dV1lVVp1IN1mDLU31lqbIuWKr7EK%252B6Sac6JxzE7tky28NhQ4P754vVE7Fr865c8sAu5qAqPon8oFkSKDleLqx7ZfD7RAxj4UfvmdBW8ATuF%252BhEO1nbbGfzHrPOjKuN6OsexdJL0be6GAlJmYg26O8lsrUUC3IKYxZZyq2WHunonnLBvq4doMJok3ZvBzmRdqYrbBBaGMynyP%252FVa1co%252B7SKUfIeVISi7iL%252Fa%252BX6j00s%252BuO8ZG019kyolKXUVaOCHQJ9G3MFM7vXbmj%252Fa4JHu2%252Fb1BPsinzbfkR0WbIobtpBh46K9vKWqrcwbXQRW2U9pbNhcYZvenrjW1VJMW3vh%252BWrmHtQLsxrRcYeuM0%252BhTisfNZl5oKZfLjATov%252FpvQrpEOuvdzNavTaKv9XTdepnUQ9N8BF3GCUjZvh3nzB8ulVDcvM0twu5sJ2DGqgsFVkLa5DSAkLql1MTou3K9bS8Wxe0C8Omk8uFM%252Fx%7Campid%3APL_CLK%7Cclp%3A2334524&LH_BIN=1,jeantambois,
250.0,Vélo course rétropédalage raleigh,https://www.ebay.fr/itm/203646076747?hash=item2f6a40874b%3Ag%3AeuIAAOSwkdJhYx3w&LH_BIN=1,boeglin4879,
538.0,Nouvelle annonceVelo 1910 Homme A Tringles,https://www.ebay.fr/itm/255175724446?hash=item3b69a88d9e%3Ag%3AXeUAAOSw7c1hZFep&LH_BIN=1,antoicrapi,
420.0,vélo course Peugeot PY10,https://www.ebay.fr/itm/324809399442?hash=item4ba0261c92%3Ag%3ArqgAAOSw16JhVc4Y&LH_BIN=1,yamalain,
650.0,velo de course vintage ALU ALAN,https://www.ebay.fr/itm/274980484683?hash=item40061d364b%3Ag%3A-EsAAOSwGp1hVNKv&LH_BIN=1,cdrmaz-lr8yms,
250.0,Vélo Peugeot Vintage,https://www.ebay.fr/itm/224631997299?hash=item344d1c4373%3Ag%3A7B0AAOSwBX5hWEpT&LH_BIN=1,kanthaka1,"Informations sur le vendeur professionnel
françois georges


françois georges
16 rue du Docteur Jacquet
87100 Limoges, Limousin
France


Informations complètes"
299.0,2 anciennes pédales Velo randonneuse  Routens rare introuvable,https://www.ebay.fr/itm/165110445302?hash=item26715974f6%3Ag%3ARNAAAOSwX0BhXHz0&LH_BIN=1,ava2501,
,"Vélo de course Colnago Décor , Columbus Thron , Campagnolo",https://www.ebay.fr/itm/174973381085?hash=item28bd39e9dd%3Ag%3AwjQAAOSwxAFhZB0P&LH_BIN=1,greensplit24,"Informations sur le vendeur professionnel
Decottignies Guillaume


guillaume decottignies
8 avenue de la croix herbouze
24650 chancelade, Aquitaine
France


Informations complètes







Numéro d'immatriculation de la société :
82261839300018",8226183930
195.0,RARE PROTOTYPE VÉLO MONOCYCLE Vintage 1960 / 70 Marque PEUGEOT Type : coin-coin,https://www.ebay.fr/itm/363571634303?hash=item54a68ee07f%3Ag%3AwBoAAOSw1vxg7FEG&LH_BIN=1,etytt,"Informations sur le vendeur professionnel
le chineur du 51


ERIC TRICNAUX
1 rue des quatre noyers
51420 berru, Champagne-Ardenne
France


Informations complètes





auto entrepreneur .


Numéro d'immatriculation de la société :
517913216"
88.0,Ancien vélo femme type hollandais avant 1950,https://www.ebay.fr/itm/384439816563?hash=item5982661173%3Ag%3ACf4AAOSw8JdhYtfW&LH_BIN=1,silvainass-71,
275.0,Motobecane femme vitus velo vintage,https://www.ebay.fr/itm/363574589957?hash=item54a6bbfa05%3Ag%3AkdIAAOSw0fRhYqU2&LH_BIN=1,savoyardbikes,
480.0,"vélo adulte de ville, bicyclette pliable, STRIDA  alu pliant, no terrot, peugeot",https://www.ebay.fr/itm/174972372059?_trkparms=ispr%3D1&hash=item28bd2a845b%3Ag%3AfJEAAOSw4TNhYekN&amdata=enc%3AAQAGAAACkPYe5NmHp%252B2JMhMi7yxGiTJkPrKr5t53CooMSQt2orsSDAeS9EQtjPGVfKXTxF0%252BjhOgnpIzvAY96CQvbwN2FFe2z5Dk%252BS5lFZQiVpbVGecrdd9lvwVLUAAPDau99B2BEt6XvUmwxM88GTnIa8n7A6TK2F5JTFh1OUWJmJJIzK%252BC%252FPZqkDDOqKM9sQJsazuEfbxPmDJa6j4gZffdeBQyPNv9KpaWgAf1svR23WMGQ6hmuzkDU73qYQQCXIvXmt2x6KHUYyT%252FdDr1i9keSzfAkEnvQEOveZ7B7ejeiE4w7jrnPjaBcAYJUJWQDquGeZUFAIlp1G7SBmK53%252FOCnvG39oOpO12c7hb%252Fj0QxfxpiNF5eCrUEG4HUgKnftMcZn0pkCAOecAywi9o9xraW0B3fG0SscYlftdZRxjNGhzhWw%252Bc9Y2VPz%252B1pubQhQDk%252B28zKp59gTZ2gx0JHnihp9gZCUHe0Hw6rp9gHdT8o1WsZe8LFYwLBAaptSC5Xunacm1EJxV0G5mMq54v74kIoQD9c%252Fl7NwLUtcGicom2JjnoONWlQWBns%252BuEGvGI8MQupqiHw4IeeOCDQeMdtxTZ95N5vI71kfeffNacTGp6BAopdVaEPwfU4X5QmgtuqHkHEQFtkiSx7KZzou2y57oKnWFzp1oApctCa3IVIaObs4J8jE1lWCjbaCycpHeCS9AoxzjmqXOu7k9HAcZFsmeg2uZ0yhW%252BkssNrSg%252FaAgqSmuFautxg1NLOr3UeFmElFZjNgzyTt3kG6V3C2xX3WeqYLVh00rSF3Os8GUm1nO6egGK%252FU0ISneHgQxNvoYuTz%252Fh%252ByQiRzpS0g6lZq3zMoxASIBRrnDQ2oTrAUBKsDyN6XLDaUa0v%7Campid%3APL_CLK%7Cclp%3A2334524&LH_BIN=1,jeantambois,
650.0,"ancien vélo de course peugeot PY10 LS, reynolds 531 professionnel, racing bike",https://www.ebay.fr/itm/174972614591?_trkparms=ispr%3D1&hash=item28bd2e37bf%3Ag%3Aiv8AAOSwKJhhYy16&amdata=enc%3AAQAGAAACkPYe5NmHp%252B2JMhMi7yxGiTJkPrKr5t53CooMSQt2orsSDAeS9EQtjPGVfKXTxF0%252BjjWWdLASRE87NKA6FotwfK1a49SV1prFga3ozaak8Oin2zgTQltSrC74O7kYCQ5fgjl4SnRcb3mLrUS6QO6K1ZVvqBabPyLE09XseLnCW4Nn7vPV%252FMNccC2uibMOMQSLAFpJopkdaV4SP1YbetLmFI%252F9FZAKeamT6KekZr8EbKx8LNdFCtC%252BfRKNJxRiVmNH8gzzR61KEOZUaJaFb1c7X4LoEKA92IRhuNUQTDfp9ilRciqfeBk0KU%252FRVgujGLQrzieAcX8p168KP%252BKxieMGrvr17T0fXmE5BCCPTXuFzyWOlGCHiDHpf%252Fgj1j79XcbBm%252BBYrdOL2bKjWcNk8LaJWJhXk8E%252Ble1WJYzY%252Blq0ghrOoB708hiC7PeEpDDk5IhcpnnsNNP7ee5K8Xu2pgc33ooHSBimDsWryI4igCjkHNI1A9aXUKPccsydvpSjhrFNtALFnEmHHKt7Hel2pTxEeEGF0%252BeQvhxuiLFaFcEwI87laiehRVeOSZNSIHDyhfmcbTbIF%252BugbnrUS9y%252FRJ7v%252BAZ06f%252BNMKaQx5zU5cpWgOCZA9791pbhDOx5wdM7bLe2EzNQnrgbGdds0eBRNdM8EiV8lRqqZ5WMMdCRkJKmLJ5d9SLC2laurbcPufapz%252B8qRs%252F2DOv4Npg4IDnzph9VisOM5A2QCyRph2jhNc3wPnn3K8sqIHHn3H512L2qiBo1Dr0n8EeMLmBz140xOy5YS0jJrJP4w1Mau1IW%252BDS1OpIvnXHrnTk1sZIBW2jD2JUe6pFO64Mobr0Dyylrpv4s%252Bhj%252BURnDqlNC%252BFzKFLzFsKPp%7Campid%3APL_CLK%7Cclp%3A2334524&LH_BIN=1,jeantambois,
450.0,"ancien vélo de course peugeot, campagnolo, mavic, racing bike, bici época",https://www.ebay.fr/itm/174971497981?_trkparms=ispr%3D1&hash=item28bd1d2dfd%3Ag%3Al4cAAOSwuvVhYfQD&amdata=enc%3AAQAGAAACkPYe5NmHp%252B2JMhMi7yxGiTJkPrKr5t53CooMSQt2orsSDAeS9EQtjPGVfKXTxF0%252Bjqg6j0I50NsfUtkwB9DeBwTcVpG5BhFSmH3vFlIcBf9np1I1tEO9TUqvjebbi2n6iQioQgXk4TBSYxzSBVPPs%252Ba6uYUJFktqbggVir216Z5s4sRCH%252BpQx%252BneOsDfqZ6hnrcEgsZ3VjxsQYdF0BjGG5w6WzipoTPG4Sf41iVpZtkSGqLQ%252FEPI7zKeol7Ru9cVDFtPWY6FN7TzmhXvC5WR1NqNbirks1v0GBxRtoZ3PWXSgEhrtJDh6jtMKx66o774LUAuQ7Rm%252Ff%252BDSZUFgXoDejJ%252Fg0waCIvq175%252Ba2GO4VE4Wl5EN7Aj7C0uu0gUOi06LVx079wWSHaiI3jiFTRGv8eQ1yWm2XA5l7kZ7foskNYjav9Ul6okdefQIZfwLFtKrDk367AoQHWoP%252BsHVykNv1LRNG%252B%252FXV6u8JUaIquPuV7h7yrpf03JW1IpDjcG8%252F2bf2CjFLLlOcz6GRe9SA4lrI6ttaIWM12ib4JpP%252B%252F6Y26qcCSK9L32fW73t%252BV3VKGvlrPUESxA9nl3SzOQUXhUA%252BahHnehIwG4Fn8sDvaFfNjzxVDCJ3%252BusLXKJtW7nMUahtLfuaGnzeVy0ZAKSqWvAEokz5g8QhskS23H0gwMFiKCOkKgGY4ixahBt3fr%252Ff7kqfw%252FS6FW4jLQfVi51rdfiDPBdqy28M6qG0kyMm6RQRvs7tLGvFsZMQGKuiOgwFbDGNi26aEtjFdZNwIX%252BjVfqv6VAxfiRpV%252BrvROsrMBNTXdLOxT7YsvLoiHoMgzsXpR1N5WsdEDEfk6krFMx4dBBIko1LNRNhCdQn15hEOCIYS5%7Campid%3APL_CLK%7Cclp%3A2334524&LH_BIN=1,jeantambois,
149.9,Vélo course ancien Peugeot P10L vintage bike,https://www.ebay.fr/itm/334176713724?_trkparms=ispr%3D1&hash=item4dce7bfbfc%3Ag%3AdlMAAOSwl45hYw8i&amdata=enc%3AAQAGAAACkPYe5NmHp%252B2JMhMi7yxGiTJkPrKr5t53CooMSQt2orsSprd4IgPv6LBzlteBBg9PeyznSy5%252Byb2HvWo1G3jyBhue3kfAVkjA7wOaA7c6e513qiQQmS%252BNOMm%252F%252F0lw4%252Fc112mEUAqyV2dLSJv3zEWtec%252Fukwp2qvKNkoCGN02WWipbPhVqLStEx5LErTLXRUGhiIj7Tad2K46Ce7%252FFWFCHmhWb1aIw%252Ba376L0k4CM2vvt4II33GKjdOecwe2Op08SltPwJzbBGXp5eqTTOaSviImYYFue49bWlrkk9WQTD5zwqM6OeMzPACvUcVNw9TgNfR1MX5Y3e%252FKawdqzpVaRoaMpEVwHNhrWnfhFs78fpr7df2dSsZ4FsPuG3ymwJuni355t0xNSDC4EZh%252B65RkpQwydmpQxKXR340DcHwN7cHHeNKcXM3i3JFnHbFAphwEpDIBX%252BufJUOPx04zasEAgo%252F%252BGoyw%252BRCoAXWXh4MVEFoav2MNzkgqiutzqIgiIFL5HZ9YtYpR%252Fl3%252BI2a9PJiS%252BRBpPGu7IGXAwUuJaZlNaIzEEcJjxbZZVIEWGwVOAv6o7%252F828AirNV5qg3jGQvjDCAS6SIrLThQKY35KK1B9QYLW4Mxz63m0tv3a756aynldl%252BApXqmPvi8lR%252B%252F5EKPj%252BzVYEP44IOLu56xS7GLfyhGUHQdOMBH%252BfxpaqJ74f2LWSKRw93HXClchKjwjvDxhRvRYNzrCxkKuhozlZEI5%252F2wjHp8Hg%252BVcRhsEId3I4g1NZtdeCHJYSs%252FS9VtgBKPoIIo1%252BaYYL7xbZhssgghWg8%252BpkWIb0%252B9ryL5xFcA8JcR0cmw1pQpP8WG%252FPVYqf4nep2ONXv1cQReVZf%252B6OPDUshRfyp%7Campid%3APL_CLK%7Cclp%3A2334524&LH_BIN=1,cycles.and.broc,"Informations sur le vendeur professionnel
CYCLES AND BROC


CYCLES AND BROC
Zac de la Querillere
8 rue du Forez Sud
42170 St Just St Rambert, Auvergne - Rhône-Alpes
France


Informations complètes







Numéro d'immatriculation de la société :
83816950600014",8381695060
150.0,Nouvelle annonceVelo Peugeot Homme Ville 1980,https://www.ebay.fr/itm/255175719777?hash=item3b69a87b61%3Ag%3A2RIAAOSwKNVhXtxV&LH_BIN=1,antoicrapi,
318.0,"Ridgeyard Tricycle Adulte 7 vitesses 26"" Pouces Trike 3 roues de vélo Bicyclette",https://www.ebay.fr/itm/393455601718?_trkparms=ispr%3D1&hash=item5b9bc80836%3Ag%3AkkQAAOSwJ31g99Fm&amdata=enc%3AAQAGAAACkPYe5NmHp%252B2JMhMi7yxGiTJkPrKr5t53CooMSQt2orsSU8qUIAeVPdz29zRlje3Lg%252Bl9jAfBEoMtFWTCi7p9rdHbaMvd34dBzYyPlZk4oxsj65XrvdAkKoGatIHa87RAZPOg4SSu6fqB0vmwFTgwqHvUPan8oaDC%252FQPauMFWX%252FCQLdKrSxrWRjx0Vi3qKJpA3ZiOVUsJ2C1PH6n%252FxFjz%252FbV5Rj22LrXBbK%252B8y8UsHL0OnyCnU%252FjBHfIpu8Alv9S7Q5fou7YGX0RpzCrpwkY%252F3iBOE0jqjxr46E39UnARCKXT5iu%252Bt5cgLnIBM8AsUNC2aRvENF7G6Jp6q8A%252Fe05wbtWhUoMc2UoL772fc7KSDvOxpShh2dJ1llo7aDqIFSoHET1smn9y3PLqYeDFA2muXXTEQ2kY167lWATCOpclX%252B%252BOiSgo8%252B%252F5zzfbUPpErnkuLSaABO2EEfIBLWmcL3ZNUoERmt2HJ0lh8ehYWPJOfZTlqdEjloaNT4lbGNQNxs2WpPFsj7uaIr3B7V%252FZ4oUxillGloxzS7JJkV4Q5%252BlcpUtKkoSO0GfisWukobvqnpdT1GLXS%252BCzm9KcDlBj%252Fph254SEvnGwyT%252BEoE78vpByfWx0h8QUTIgUqBrLizzlqd5XP5Jg6njnKgmY5tty%252BiKiqOiDdmorl1HyR%252FBJk5SjSNfk9iprKgirz8%252FP48qaWrNNptIKx4an4BvWNAiC2AAmmSKz%252Fv1He6TeeoTrHbr7HpJOs%252B8tZ%252FU9F%252Bf3HiBS6UQSbho%252B9ERXPV3C%252BvmIRvAVg2tkOXITKSrkKwhdZ1uFg%252FEOcU5y37TmfHXwYPcOitrfnjXNSKCVJ96iRGaRR6q5t9GYTU%252Fh50YwVsmnjMU2dTJt%7Campid%3APL_CLK%7Cclp%3A2334524&LH_BIN=1,globalsportshop,"Informations sur le vendeur professionnel
guangzhoushixuanyuemaoyiyouxiangongsi


Xi Zhang
panyuqu dashijie huijiangcun
shinanerlu 9hao4haolou306
510000 Guangzhou
China


Informations complètes






Numéro de TVA :

DE 321046091
FR 79851847491",7985184749
250.0,Velo demi course Lejeune vintage. Pedalier TA dérailleur simplex slj selle brook,https://www.ebay.fr/itm/393569176955?hash=item5ba28d0d7b%3Ag%3AcZIAAOSwQXhhPvUU&LH_BIN=1,pacr9445,
,Vélo de course de légende GIOS,https://www.ebay.fr/itm/265355228683?hash=item3dc867760b%3Ag%3AX94AAOSwLixhY0Y%7E&LH_BIN=1,jean3765,
15.0,velo tout terrain d'occasion enfant 24 pouces scrappy vendu par GO SPORT .,https://www.ebay.fr/itm/373752006552?hash=item57055b0798%3Ag%3ApK4AAOSwl%7EdhYyHp&LH_BIN=1,iirdesco-0,
130.0,Ancien VÉLO de COURSE VILLE VINTAGE MOTOBECANE HURET,https://www.ebay.fr/itm/393619112313?hash=item5ba5870179%3Ag%3AIWgAAOSwThVhXXpA&LH_BIN=1,jeansch-5389,
75.0,"VELO HOMME PEUGEOT « CHENONCEAUX »Ville TBEG gris clair REVISE REGLE T53/1,75m",https://www.ebay.fr/itm/265346630547?hash=item3dc7e44393%3Ag%3AVYcAAOSw6glhXVp3&LH_BIN=1,fefe91190,
240.0,ancien vélo Terrot 1920 acier Cadre altes fahrrad old bike,https://www.ebay.fr/itm/234197738415?hash=item368745e3af%3Ag%3AbzkAAOSwN01hSawj&LH_BIN=1,lordfirestarters,
350.0,Nouvelle annonceVelo Ancien 1920/30 Ch Longoni,https://www.ebay.fr/itm/255175719243?hash=item3b69a8794b%3Ag%3AIhkAAOSw0PBhWxDU&LH_BIN=1,antoicrapi,
170.0,Velo hollandais,https://www.ebay.fr/itm/353714474879?hash=item525b068f7f%3Ag%3A7LwAAOSw8n9hYN-W&LH_BIN=1,lafitromai0,
8.5,"ANCIENNE  boîte GRAND BI , vélo ancien collection, bicyle vélocipède 1900",https://www.ebay.fr/itm/174973567933?hash=item28bd3cc3bd%3Ag%3AfhcAAOSwFb5aFeAG&LH_BIN=1,jeantambois,
380.0,"VELO DE VILLE, bicyclette bambou vintage collection, old bike ,no peugeot,terrot",https://www.ebay.fr/itm/174972628048?_trkparms=ispr%3D1&hash=item28bd2e6c50%3Ag%3AxWAAAOSw8vJfnwKr&amdata=enc%3AAQAGAAACkPYe5NmHp%252B2JMhMi7yxGiTJkPrKr5t53CooMSQt2orsSDAeS9EQtjPGVfKXTxF0%252BjtEWaWrqWrTiGlMex1W8uE0lkVGWXDxalpNwmyGfyYL1v98z4ABtfF2qaUPVwnJsjUfEui88lgdzKYo2OkvXzRGxbt47Bo2sJnWCXrR3nIyDh7kDE8yXO5yOMBSSqjYP8FWGZzHfnYOUncetR3yRNUy8lTtaSoINaa%252FnxCfz2cyLutneKDah7wWDGHdzmcCV3UCsKwriLQPhw8LMHF%252BO8SMk%252Blq3V2HnxT3ZoIm3T9bnqbzUk9p1dDQ5OE%252Bjvv6w0QqhwXalhKkqV7uLknFg6cPk8yt8%252F%252FOPg81ziu0JX1GFpCe83JUDuXvZMu7JceM5tUYO9OJ2iUM1AeoOQR3ODSE9%252FE2oIz1c7BfaCE28fdxmgyWZg3vwwBKnpbPbXlNnThZxRUwVulsmlGwGt%252BVKnvUjWmeMvWDCMu8VFKJLZZQk4g67z%252B9gN7DrSJcpLx9HNKaK%252BZHCkBXU8Pyrc3YrIwG%252Begln01ddr%252FJ4q%252B2xyKtUXMf8n1owxUVHH6ToSE6DTfyffV6SIHPSKpDZ0g%252FCO4%252BN3fxCpxbyum71Wsvy0x8%252Fx5hF1KzpAXIekOdqyM5zXHA26mB%252FREvVzwtVTTxf%252Bjh0iwB92ULnlfagfHwwE4oEE53lS6fLBoBM%252Fd578D1YXhpyLBE%252BjzcwwPiUOC6JtgmGmuo%252FrfZbyI9W2xLT5kSBUIuLGkEv0jaSirHzvlo9PuoM%252F6EToErZVnat8i%252B0AbG18uY54qETnFzacyly6dgY33XQM52IkIB92FSMISO0jU3trNsqT4V6mpQ26WCf5r%252FsGdXNgB99FL9s52etYjsd%7Campid%3APL_CLK%7Cclp%3A2334524&LH_BIN=1,jeantambois,
150.0,Vélo vtt homme de marque LAPIERRE,https://www.ebay.fr/itm/324799105939?hash=item4b9f890b93%3Ag%3APbAAAOSwCQNhS0zw&LH_BIN=1,fertyno1947,
350.0,Nouvelle annonceVelo Ancien  Homme Cycles P.bert 1920,https://www.ebay.fr/itm/255175724826?hash=item3b69a88f1a%3Ag%3AGgUAAOSw0BdhZF7R&LH_BIN=1,antoicrapi,
35.0,"ETRIERS FREINS DURAL WEINMANN type 500, pour vélo course ancien , collection",https://www.ebay.fr/itm/174972629923?hash=item28bd2e73a3%3Ag%3ApI0AAOSwl95bu3l0&LH_BIN=1,jeantambois,
94.0,vélo demi course LOUISON BOBET 58cm  vintage,https://www.ebay.fr/itm/255162216590?hash=item3b68da708e%3Ag%3AACwAAOSwwOZhWgwB&LH_BIN=1,lorafal-0,
500.0,Peugeot Cosmic 1986 Velo Vintage Bike,https://www.ebay.fr/itm/403195890735?hash=item5de0590c2f%3Ag%3ASMYAAOSwSDJhU2HV&LH_BIN=1,vingh-81,
450.0,"Nouvelle annonceVélo Peugeot Lady 1960 ""Inoxydable"", Neyman, Rigida, Simplex, Cibie,...",https://www.ebay.fr/itm/393623826867?hash=item5ba5cef1b3%3Ag%3AM7AAAOSwj0xhZHHw&LH_BIN=1,berthus64,
170.0,tres ancien vélo collection ALCYON a retournement hauteur 51cm,https://www.ebay.fr/itm/324805201520?hash=item4b9fe60e70%3Ag%3AlmEAAOSwKAFhUcRQ&LH_BIN=1,bougnat03,
250.0,Vélo B'TWIN vert en bonne état acheter en janvier pour l'été,https://www.ebay.fr/itm/334174761914?hash=item4dce5e33ba%3Ag%3AXXEAAOSwnLNhRPqd&LH_BIN=1,tal_3208,
60.0,ancien vélo garde boue Lefol le martelé old bike  eroica / éclairage SELF,https://www.ebay.fr/itm/393593112364?hash=item5ba3fa472c%3Ag%3Azx4AAOSwBuBhSjSo&LH_BIN=1,profil2222,
,"RARE ANCIEN VELO COURSE PEUGEOT CARBONE PRO , racing bike vintage, bici época",https://www.ebay.fr/itm/174971355501?_trkparms=ispr%3D1&hash=item28bd1b016d%3Ag%3AEO8AAOSwuUlhYcvH&amdata=enc%3AAQAGAAACkPYe5NmHp%252B2JMhMi7yxGiTJkPrKr5t53CooMSQt2orsSDAeS9EQtjPGVfKXTxF0%252BjqjbmSmmuNWe1xC387xIcAHF1UH9iDphL0dxBel0bNteoUJv15dm8kPS8f6B9HgPBh9khbZMEJ5ccpzK7uT69N90Uuunoy0aDgyuDGF2hajpKdBN3C15h%252FhIgiUkPFDBN2%252FsSNRENrlJxKwDqA84%252FFs8bQTgwCA3k5Kjh4c1BZaq2TISuRW%252BnCf5HgU9u1tatxC6UCbI%252FtXmimHQ4oRHveaZcmgMhtstA74mrDfkkupXf4mDkF6ScHAF3tbDF335jbKbSWsBd9bmiMK2rXG%252B8X2mJGi5AEPC%252FVzQX1Gbdyd6DMuu%252BofN7QY0dNArOHUgGrUSBoI96ov11zaxYwLl01eLEWxBr2bS3BHbjmVV7%252FHi0Jqnq9goY0dHpFc1BUCI2WAWKdua8RX8jgXlS2NNrVWCr9Ad9FcJYBL6Pka5nTJ7JjpetmrsEfdTQMsl7b%252BOSHvFX25mHMWwBxMBwhgrqavHNwKhhlbdfskqB1t6Ae%252FlUOucO%252FqVoEtv6ePREjaMw2QyC2cpBX2zzuWx674YznmXUCEJAxpcGPQXby9mOCfXD0m6SOiDah%252BR22JzQ8u0QvlNzvthi0VZ5aMBEghEqBDmcvoT9vS2MMzSqmvptSu%252FVHX0txJziFUmWVnxNd9aDuE3%252BgaQ1DUmal2gxAevp0mUnvmzG%252FH7LsoUonwe%252FmRD%252BSVfMoGepWgapygfa3hOFmPpZ5d0sitBDFK9paA5HcaGfDtnv0nzB%252FCV36xVIYVV34jNmGh8I6md%252B%252BDfbvoumzEGALvgNagvcGHl1705MMnw9%252BIp45L6UQ7CS1CMC4SP%7Campid%3APL_CLK%7Cclp%3A2334524&LH_BIN=1,jeantambois,
95.0,"Ancien vélo homme, années 35/41 dérailleur SPORTEX",https://www.ebay.fr/itm/203643872954?hash=item2f6a1ee6ba%3Ag%3ACJUAAOSw0JdhYNeR&LH_BIN=1,ecopat91,
300.0,vélo de route Mercier Rose Poulidor,https://www.ebay.fr/itm/334140995554?hash=item4dcc5af7e2%3Ag%3AyFwAAOSwFdphOJvy&LH_BIN=1,emjul-0,
222.0,Ancien Vélo Homme Avant 1920,https://www.ebay.fr/itm/234118894496?hash=item368292d3a0%3Ag%3AoCwAAOSwRbhhCVp4&LH_BIN=1,lordfirestarters,
180.0,Velo bmx Bicross Année 1986 Mbk Trophy,https://www.ebay.fr/itm/114974323142?hash=item1ac500f1c6%3Ag%3A-nQAAOSwBO5hNl0R&LH_BIN=1,bzh56510,
25.0,"ANCIEN  ANTIVOL NEUF VELO DE COLLECTION, bicyclette vintage",https://www.ebay.fr/itm/174970015906?_trkparms=ispr%3D1&hash=item28bd0690a2%3Ag%3A2hwAAOSwb8Vbyj8J&amdata=enc%3AAQAGAAACkPYe5NmHp%252B2JMhMi7yxGiTJkPrKr5t53CooMSQt2orsSDAeS9EQtjPGVfKXTxF0%252BjuEEFdAi1cM1ACnQRHXpKfRg86N%252BuguKsVDF5Q63Rrj1FzqPvsFPTyhNBqw%252FeqkZmzUE6lxj4XLXAXnx45SgutWVYQnCYnwZizW7dICf8u8%252BPs9Ko3FtSUTPEu5ZxYxHDxirlLUK82Q%252BIb9jxZMpy4QK8IQ%252Bo14%252FpH1rKy2SnWvyXvE3u6tF7jGArGvQh5ftNbOR65UVnXPEYSlnxiSQTvn%252Bgxx6YG64WdRfKzPBtMe5MPLhaGbRby2VEwf%252BRsY0OewjxxHzXfhRMHx1WblQCijdQOTiqGCA9q0F0XMZ%252FQ3TXLGQdRH%252B4xGOhQXM9TowMMYOfEqUvIWSY01%252FNX5%252B1hPZv7zjn%252FM0nwQ%252BU3vENx0Qanb%252FkBTABKrttntGsuJgu18OYfFlvGTpBcsmtKiQ5nsWO%252FTwCbNt75z%252FpVcE6DGf1RX1fQHnFwiLvUeaErfBhxjunpfkYBNKY7doAEn6rDbiPjyvnuMWANuMovLBn2QbCpFZS6i%252BXOROFNlA%252F%252FFpt3TPoZmZD0CVJKePty3UMTwO5R3Vq6tUBqeDG%252FHA6UaJW2eVfMi61jyj248DASjo%252FkXcwY%252BYJ2V0s3%252FsZ26413a7kg1OmxXJSmzvuhsqAtqZE267x4R%252FX9k8xKG5Ey0yJ9kx7j9UdJWF%252FEkKGkNxffAXhV1bDLiKhAzBL%252F6bRCM4YUdlxNK8paKDxwPyIc0bJmNma3i%252BBrBrrkBuwpSDARrBv2cp3IWcbGExdtHAOtrWaDpLfBoLW1tltaAgVv0fRNuDoKQRs5dc%252F1%252BfEzhIHTh5Wmmgfb%252FwprQS%252FCrcJB%252B%252B%7Campid%3APL_CLK%7Cclp%3A2334524&LH_BIN=1,jeantambois,
800.0,Velo GAZELLE Champion Mondial Campagnolo Record 1975’s,https://www.ebay.fr/itm/194415523104?hash=item2d44117520%3Ag%3AVTgAAOSwkr1hW2er&LH_BIN=1,moa3847-pm2ztgw5t8,
800.0,Velo Peugeot Px10sh,https://www.ebay.fr/itm/324580619447?hash=item4b928334b7%3Ag%3Arc8AAOSwEvVgfd9b&LH_BIN=1,friggiati1980,
450.0,vélo Dame ancien 1920's/1930 's Cycle Chevalier Le Mans,https://www.ebay.fr/itm/265337367986?hash=item3dc756edb2%3Ag%3AsN0AAOSwdxFhVbw6&LH_BIN=1,bzhvintage,
318.0,"Ridgeyard 24"" Tricycle adulte 7 vitesses Vélo adulte Vélo 3 roues avec panier",https://www.ebay.fr/itm/393110770210?hash=item5b873a5222%3Ag%3AwJsAAOSwc%7Eddsp--&LH_BIN=1,globalsportshop,"Informations sur le vendeur professionnel
guangzhoushixuanyuemaoyiyouxiangongsi


Xi Zhang
panyuqu dashijie huijiangcun
shinanerlu 9hao4haolou306
510000 Guangzhou
China


Informations complètes






Numéro de TVA :

DE 321046091
FR 79851847491",7985184749
144.0,Vieux vélo BSA custom.,https://www.ebay.fr/itm/233962435400?hash=item36793f7348%3Ag%3AXqIAAOSwYbNgM4Ds&LH_BIN=1,lordfirestarters,
120.0,Vélo Tandem années 50,https://www.ebay.fr/itm/115013546098?hash=item1ac7577072%3Ag%3AKuAAAOSwYB9hUX8I&LH_BIN=1,nino.0471,
39.99,Velo VTT - Noir - Taille Ados,https://www.ebay.fr/itm/255172817380?hash=item3b697c31e4%3Ag%3APQsAAOSwhJ5hK92T&LH_BIN=1,obzedat,
40.0,velo vtt homme taille moyenne,https://www.ebay.fr/itm/165079135883?hash=item266f7bb68b%3Ag%3AaEUAAOSwxRlhRaom&LH_BIN=1,sogno1966,
175.0,Vtt Velo Decathlon Rock Rider 5.2,https://www.ebay.fr/itm/294407976529?hash=item448c153651%3Ag%3A7uYAAOSwJ1FhR7Xn&LH_BIN=1,zozyou86,
100.0,Vélo Peugeot adulte,https://www.ebay.fr/itm/324743776360?hash=item4b9c3cc868%3Ag%3A-SwAAOSwRoZhD5I%7E&LH_BIN=1,lion85270,
400.0,"Vélo de course Peugeot Galibier , Reynolds 531 , Campagnolo Chorus",https://www.ebay.fr/itm/174653684644?hash=item28aa2bbba4%3Ag%3ALE4AAOSwgC5gOBrn&LH_BIN=1,greensplit24,"Informations sur le vendeur professionnel
Decottignies Guillaume


guillaume decottignies
8 avenue de la croix herbouze
24650 chancelade, Aquitaine
France


Informations complètes







Numéro d'immatriculation de la société :
82261839300018",8226183930
100.0,Velo de course homme,https://www.ebay.fr/itm/274981916339?hash=item4006330eb3%3Ag%3AOfoAAOSwTOxhX-aH&LH_BIN=1,bibinarnard,
450.0,Vélo ancien randonneuse Peugeot Ph50 collection 1950,https://www.ebay.fr/itm/393543097142?hash=item5ba0ff1b36%3Ag%3AVAAAAOSwGLxhD7gy&LH_BIN=1,yoooshi16,
320.0,"Nouvelle annonceTricycle Adulte 24"" Velo 3 Roues 6 Vitesses avec lumière et panier",https://www.ebay.fr/itm/174974788341?hash=item28bd4f62f5%3Ag%3AJ1EAAOSwsAlhZaE6&LH_BIN=1,zitcheyz,
,Vélo Vtt de montagne de grande qualité orange alpine 160de taille L_11 vitesse,https://www.ebay.fr/itm/353711759824?hash=item525add21d0%3Ag%3ApBEAAOSwjCdhXs8w&LH_BIN=1,racja_8469,
120.0,"Vélo Ancien  old bike bici epoca altes fahrrad 650b no peugeot,eroica rare",https://www.ebay.fr/itm/384403074130?hash=item5980356c52%3Ag%3AYVUAAOSweodhR2%7E8&LH_BIN=1,ghama_3322,
16.99,"Ainiv Porte Bidon Vélo avec Gourde 800ML, Porte Gourde Velo, Bidon de Sport de H",https://www.ebay.fr/itm/124933074186?_trkparms=ispr%3D1&hash=item1d16976d0a%3Ag%3ANk0AAOSwgg5hWuJd&amdata=enc%3AAQAGAAACkPYe5NmHp%252B2JMhMi7yxGiTJkPrKr5t53CooMSQt2orsSxXDXcCydCuSj2Tq2S%252F3Gnri40qv9QJwyCnl0h%252BJSdWUnY19QNe4zsSMGNhymtdxocL5moi%252FPkrjUWiGPKKk9WfYGJAUnSHPkZytMaoQwH5%252FzgroWqUgguPQ63dcfMB2VMLQ2LBwrkPzXRvf2iWIP9hDTItOS46tWt0vy2hwguuMuAPFfJg0C1KYEJf%252FEie8AV92L3HW1kY4JQV3MOrZ6SnachXQQYZCNJjW8SspIPl6CuS9k445%252B1ox7arKBlhiWVLmGog33BRwmmgY%252BZV9GmDZErwCjXP5ytEO1KTtDT0Do%252F9hnV2aObfrmwn9d2I6%252BESjB%252FgvhEg6WQeAbxJGv29IPYuqwsuBseGna5y3z8rIg%252Fu16f4disIPAVprqNzgzITWGG0gsLnOvRw6RM2uPVs9KdJEJuRMPFAE6f7Zvzj1H3oMfBaFvEZbgkKoPLnSOXrTuZhwpU8vURf%252FYN48L0QufJa1z6gPVOXLlsN%252F52zuBfvW8D50O8xeEO5P4uMLkKX8LQr5Uap0mvCu%252FApokBF3vlnetIHgt%252B00kqNSYjHqtn1nEJ%252BIG%252FAeFzsutjX0WjLJsHJYfU4pvFQfECtJR10mxHufj9VPzfCVW0gcJ0e%252B1MYX6VRTtgWG34VqCMIaL53tSt0fz4kEKuZwTu2pQaci9cKpYW3QKeN8e8ufJmC%252Bt1oMFpnN78%252BZj0C5aSyg4nyTelTZnWk3k23aTIHLioIvPN%252BhF87FznxiIerWML4gDVl4%252BgHIdczeEa0hvkQXbcsxa%252FVTSMjoEclasbtNm%252B3BcKKtAOjzflmsOTDKOX82YZZApxljn9UYhxxoGXstu%7Campid%3APL_CLK%7Cclp%3A2334524&LH_BIN=1,bestfrance,"Informations sur le vendeur professionnel
BestFrance


69 rue des Prevoyants de l Avenir
69003 Lyon, Auvergne - Rhône-Alpes
France


Informations complètes







Numéro d'immatriculation de la société :
84938411000011

Numéro de TVA :

FR FR75849384110",8493841100
318.88,"26 Poues Vélo SHIMANO 7 Vitesses Tricycle Adulte   26"" Adult Tricycle Bicyclette",https://www.ebay.fr/itm/393499277511?_trkparms=ispr%3D1&hash=item5b9e6278c7%3Ag%3A5EYAAOSw0uRffq7M&amdata=enc%3AAQAGAAACkPYe5NmHp%252B2JMhMi7yxGiTJkPrKr5t53CooMSQt2orsSU8qUIAeVPdz29zRlje3Lg04wcA1qptOZEy2Rpt1Berw6%252BS1zruCtX8%252FtCYHjdO0UV0CeFOQnyEwMOTi3ZDWuHyTyv14xIrFfw0YL7xO4JX91A%252FHi11uFTf96ks1rMqFd39%252F4bShl%252BTwOLKZBg1BtNM1QsPYGic3Uo9d04eeK1xDZ9yF84PFBWBxBao9UDTbHd0eNL9plA%252F0f94teylqfHnU2G6UJuxIi95DZiACx8ibe395F49jUXjy2dH2U0mqr5ur%252FMjCG7edDYAm6tfUVLAPDpRpaFavBXh4mYhs7ASklHV%252B4qaSK0aEjnd2RLAsP%252FVNAxdHcJlbETEQNGjtrSJ7%252Bfb2U%252BFZXvKvb%252BeTcWiC2Qb%252BIz9qdUzjw2g4n6yEwVZ2oBWiW%252F%252BQlEQqTTD8hjGqDsXUZBADUIcRPfJF8gbsq4YcqClzeGLfN8gUTQn1j4EsE72TW0xCYufKQu1SWIxE%252FwpvNcay5BIGPUTabpAgA9NYOJD4SqXVit1bYt%252Fwsv2uG1up73cUMdRpZMh%252BAqtsur6DB2VQb6Y8zBww%252BIreUzrTeF4h7%252F7SGCSwOKyFSub1GdRuqkxkn6DtMJtyuH6cLoj8I5DT6WCwKhjwo1Ot1e8c1p3IpClWfHvZtXgCmpbxCwJjdI1AnVzcRA%252B9f8GRDB3pWf4sWkD9U8QWL6VFslATfzF%252Btu4zIuFX4OjP%252FdE59EbTVVnpzRnYqGNQYh%252BT26DMyqgVSrOIVAgbExKgKXc10uub9%252BH66qved0ciBSwHPG3d795ifUwKivpPkyxx0ug2bLpbGDkkdYx6trjSd2%252F6ot%252BbWXx3wcBhaPhs6%7Campid%3APL_CLK%7Cclp%3A2334524&LH_BIN=1,globalsportshop,"Informations sur le vendeur professionnel
guangzhoushixuanyuemaoyiyouxiangongsi


Xi Zhang
panyuqu dashijie huijiangcun
shinanerlu 9hao4haolou306
510000 Guangzhou
China


Informations complètes






Numéro de TVA :

DE 321046091
FR 79851847491",7985184749
